Accuracy,Loss,lr,batch_size,weight_decay,kernel_size,dropout_rate,nheads
96.7605633802817,0.13673417665474394,0.0001,32,0.00010866115799955205,7,0.34432281090069883,16
